date,portfolio,portfolio_value,top_symbols,new_symbols,removed_symbols,trading_costs
2023-01-01 00:00:00+00:00,"{'ILVUSDT': 250.0, 'RSS3USDT': 250.0, 'ASTRUSDT': 250.0, 'SLPUSDT': 250.0}",1000.0,"[{'symbol': 'ILVUSDT', 'annualized_rate': 90.06458428571429, 'funding_interval_min': 240}, {'symbol': 'RSS3USDT', 'annualized_rate': 53.17080142857143, 'funding_interval_min': 480}, {'symbol': 'ASTRUSDT', 'annualized_rate': 45.488907142857144, 'funding_interval_min': 480}, {'symbol': 'SLPUSDT', 'annualized_rate': 35.56440071428571, 'funding_interval_min': 480}]","['ILVUSDT', 'RSS3USDT', 'ASTRUSDT', 'SLPUSDT']",[],0.0
2023-01-08 00:00:00+00:00,"{'1000BONKUSDT': np.float64(201.50258759854), 'RSS3USDT': np.float64(201.50258759854), 'ASTRUSDT': np.float64(201.50258759854), 'FXSUSDT': np.float64(201.50258759854), 'SCRTUSDT': np.float64(201.50258759854)}",1007.5129379927,"[{'symbol': '1000BONKUSDT', 'annualized_rate': 270.85982571428576, 'funding_interval_min': 240}, {'symbol': 'RSS3USDT', 'annualized_rate': 73.90076785714285, 'funding_interval_min': 480}, {'symbol': 'ASTRUSDT', 'annualized_rate': 67.32628357142856, 'funding_interval_min': 480}, {'symbol': 'FXSUSDT', 'annualized_rate': 56.236644999999996, 'funding_interval_min': 480}, {'symbol': 'SCRTUSDT', 'annualized_rate': 56.07484571428571, 'funding_interval_min': 240}]","['SCRTUSDT', '1000BONKUSDT', 'FXSUSDT']","['ILVUSDT', 'SLPUSDT']",1.0815470073000002
2023-01-15 00:00:00+00:00,"{'1000BONKUSDT': np.float64(204.14458282405627), 'BSWUSDT': np.float64(204.14458282405627), 'RSS3USDT': np.float64(204.14458282405627), 'FXSUSDT': np.float64(204.14458282405627), 'ILVUSDT': np.float64(204.14458282405627)}",1020.7229141202814,"[{'symbol': '1000BONKUSDT', 'annualized_rate': 93.29149714285714, 'funding_interval_min': 240}, {'symbol': 'BSWUSDT', 'annualized_rate': 72.61946142857144, 'funding_interval_min': 240}, {'symbol': 'RSS3USDT', 'annualized_rate': 70.75530214285715, 'funding_interval_min': 480}, {'symbol': 'FXSUSDT', 'annualized_rate': 68.92060357142857, 'funding_interval_min': 480}, {'symbol': 'ILVUSDT', 'annualized_rate': 61.371725714285716, 'funding_interval_min': 240}]","['ILVUSDT', 'BSWUSDT']","['SCRTUSDT', 'ASTRUSDT']",0.7379624600836425
2023-01-22 00:00:00+00:00,"{'ILVUSDT': np.float64(205.97933907036858), '1000BONKUSDT': np.float64(205.97933907036858), 'MAGICUSDT': np.float64(205.97933907036858), 'BSWUSDT': np.float64(205.97933907036858), 'SCRTUSDT': np.float64(205.97933907036858)}",1029.896695351843,"[{'symbol': 'ILVUSDT', 'annualized_rate': 155.66019428571428, 'funding_interval_min': 240}, {'symbol': '1000BONKUSDT', 'annualized_rate': 135.6959457142857, 'funding_interval_min': 240}, {'symbol': 'MAGICUSDT', 'annualized_rate': 100.72957142857142, 'funding_interval_min': 120}, {'symbol': 'BSWUSDT', 'annualized_rate': 95.41496285714285, 'funding_interval_min': 240}, {'symbol': 'SCRTUSDT', 'annualized_rate': 92.64367428571428, 'funding_interval_min': 240}]","['SCRTUSDT', 'MAGICUSDT']","['RSS3USDT', 'FXSUSDT']",0.7438463630017094
2023-01-29 00:00:00+00:00,"{'ILVUSDT': np.float64(207.99608522203908), 'KDAUSDT': np.float64(207.99608522203908), 'BSWUSDT': np.float64(207.99608522203908), 'MAGICUSDT': np.float64(207.99608522203908), 'SCRTUSDT': np.float64(207.99608522203908)}",1039.9804261101954,"[{'symbol': 'ILVUSDT', 'annualized_rate': 151.1612042857143, 'funding_interval_min': 240}, {'symbol': 'KDAUSDT', 'annualized_rate': 103.75239714285715, 'funding_interval_min': 240}, {'symbol': 'BSWUSDT', 'annualized_rate': 103.70880571428572, 'funding_interval_min': 240}, {'symbol': 'MAGICUSDT', 'annualized_rate': 100.39877714285714, 'funding_interval_min': 120}, {'symbol': 'SCRTUSDT', 'annualized_rate': 73.26321714285714, 'funding_interval_min': 240}]",['KDAUSDT'],['1000BONKUSDT'],0.3801803303064566
2023-02-05 00:00:00+00:00,"{'KDAUSDT': np.float64(209.84249664675195), 'MAGICUSDT': np.float64(209.84249664675195), 'SCRTUSDT': np.float64(209.84249664675195), 'ILVUSDT': np.float64(209.84249664675195), 'RSS3USDT': np.float64(209.84249664675195)}",1049.2124832337597,"[{'symbol': 'KDAUSDT', 'annualized_rate': 138.85778428571427, 'funding_interval_min': 240}, {'symbol': 'MAGICUSDT', 'annualized_rate': 103.01134285714285, 'funding_interval_min': 120}, {'symbol': 'SCRTUSDT', 'annualized_rate': 98.16372571428572, 'funding_interval_min': 240}, {'symbol': 'ILVUSDT', 'annualized_rate': 81.76250285714286, 'funding_interval_min': 240}, {'symbol': 'RSS3USDT', 'annualized_rate': 74.50896214285714, 'funding_interval_min': 480}]",['RSS3USDT'],['BSWUSDT'],0.38304654670291083
2023-02-12 00:00:00+00:00,"{'CTCUSDT': np.float64(211.70387526297554), 'BLURUSDT': np.float64(211.70387526297554), 'ILVUSDT': np.float64(211.70387526297554), 'HIGHUSDT': np.float64(211.70387526297554), 'SCRTUSDT': np.float64(211.70387526297554)}",1058.5193763148777,"[{'symbol': 'CTCUSDT', 'annualized_rate': 171.53258428571428, 'funding_interval_min': 240}, {'symbol': 'BLURUSDT', 'annualized_rate': 101.90866363636364, 'funding_interval_min': 480}, {'symbol': 'ILVUSDT', 'annualized_rate': 72.58473428571429, 'funding_interval_min': 240}, {'symbol': 'HIGHUSDT', 'annualized_rate': 57.310329, 'funding_interval_min': 480}, {'symbol': 'SCRTUSDT', 'annualized_rate': 51.94002142857143, 'funding_interval_min': 240}]","['HIGHUSDT', 'CTCUSDT', 'BLURUSDT']","['RSS3USDT', 'MAGICUSDT', 'KDAUSDT']",1.1425539842512928
2023-02-19 00:00:00+00:00,"{'SCRTUSDT': np.float64(213.21993968064606), 'BSVUSDT': np.float64(213.21993968064606), 'CTCUSDT': np.float64(213.21993968064606), 'MAGICUSDT': np.float64(213.21993968064606), '1000BONKUSDT': np.float64(213.21993968064606)}",1066.0996984032304,"[{'symbol': 'SCRTUSDT', 'annualized_rate': 81.35443285714285, 'funding_interval_min': 240}, {'symbol': 'BSVUSDT', 'annualized_rate': 72.45583714285715, 'funding_interval_min': 240}, {'symbol': 'CTCUSDT', 'annualized_rate': 71.44948000000001, 'funding_interval_min': 240}, {'symbol': 'MAGICUSDT', 'annualized_rate': 67.64430285714286, 'funding_interval_min': 120}, {'symbol': '1000BONKUSDT', 'annualized_rate': 65.25136285714287, 'funding_interval_min': 240}]","['1000BONKUSDT', 'MAGICUSDT', 'BSVUSDT']","['HIGHUSDT', 'BLURUSDT', 'ILVUSDT']",1.1510591695521821
2023-02-26 00:00:00+00:00,"{'SCUSDT': np.float64(214.314715737906), 'CTCUSDT': np.float64(214.314715737906), 'MAGICUSDT': np.float64(214.314715737906), 'REQUSDT': np.float64(214.314715737906), 'ONEUSDT': np.float64(214.314715737906)}",1071.57357868953,"[{'symbol': 'SCUSDT', 'annualized_rate': 153.84124285714284, 'funding_interval_min': 240}, {'symbol': 'CTCUSDT', 'annualized_rate': 68.37837, 'funding_interval_min': 240}, {'symbol': 'MAGICUSDT', 'annualized_rate': 41.85882571428571, 'funding_interval_min': 120}, {'symbol': 'REQUSDT', 'annualized_rate': 34.99818142857143, 'funding_interval_min': 480}, {'symbol': 'ONEUSDT', 'annualized_rate': 34.14731428571428, 'funding_interval_min': 480}]","['REQUSDT', 'SCUSDT', 'ONEUSDT']","['SCRTUSDT', '1000BONKUSDT', 'BSVUSDT']",1.1573557867412254
2023-03-05 00:00:00+00:00,"{'CTCUSDT': np.float64(359.4160311944809), 'SUNUSDT': np.float64(359.4160311944809), 'SCUSDT': np.float64(359.4160311944809)}",1078.2480935834428,"[{'symbol': 'CTCUSDT', 'annualized_rate': 57.00966285714286, 'funding_interval_min': 240}, {'symbol': 'SUNUSDT', 'annualized_rate': 55.89693428571429, 'funding_interval_min': 240}, {'symbol': 'SCUSDT', 'annualized_rate': 42.14988714285714, 'funding_interval_min': 240}]",['SUNUSDT'],"['REQUSDT', 'MAGICUSDT', 'ONEUSDT']",1.1643544473918666
2023-03-12 00:00:00+00:00,"{'CTCUSDT': np.float64(270.6554055999777), 'SCUSDT': np.float64(270.6554055999777), 'BOBAUSDT': np.float64(270.6554055999777), 'MAGICUSDT': np.float64(270.6554055999777)}",1082.6216223999108,"[{'symbol': 'CTCUSDT', 'annualized_rate': 96.26635142857143, 'funding_interval_min': 240}, {'symbol': 'SCUSDT', 'annualized_rate': 57.24722571428571, 'funding_interval_min': 240}, {'symbol': 'BOBAUSDT', 'annualized_rate': 48.62696857142857, 'funding_interval_min': 480}, {'symbol': 'MAGICUSDT', 'annualized_rate': 42.98865714285714, 'funding_interval_min': 120}]","['BOBAUSDT', 'MAGICUSDT']",['SUNUSDT'],0.9704232842250984
2023-03-19 00:00:00+00:00,"{'CTCUSDT': np.float64(217.70344020472052), 'APTUSDT': np.float64(217.70344020472052), 'ARBUSDT': np.float64(217.70344020472052), 'RSS3USDT': np.float64(217.70344020472052), 'MAGICUSDT': np.float64(217.70344020472052)}",1088.5172010236026,"[{'symbol': 'CTCUSDT', 'annualized_rate': 78.33796857142858, 'funding_interval_min': 240}, {'symbol': 'APTUSDT', 'annualized_rate': 47.643971428571426, 'funding_interval_min': 480}, {'symbol': 'ARBUSDT', 'annualized_rate': 43.15973785714285, 'funding_interval_min': 480}, {'symbol': 'RSS3USDT', 'annualized_rate': 41.59670357142858, 'funding_interval_min': 480}, {'symbol': 'MAGICUSDT', 'annualized_rate': 31.3097, 'funding_interval_min': 120}]","['ARBUSDT', 'RSS3USDT', 'APTUSDT']","['SCUSDT', 'BOBAUSDT']",1.1705032469286154
2023-03-26 00:00:00+00:00,"{'CTCUSDT': np.float64(546.8123415386572), 'MAGICUSDT': np.float64(546.8123415386572)}",1093.6246830773143,"[{'symbol': 'CTCUSDT', 'annualized_rate': 61.41260571428571, 'funding_interval_min': 240}, {'symbol': 'MAGICUSDT', 'annualized_rate': 43.8, 'funding_interval_min': 120}]",[],"['ARBUSDT', 'RSS3USDT', 'APTUSDT']",1.1812584435530291
2023-04-02 00:00:00+00:00,"{'SCRTUSDT': np.float64(219.3622400566782), 'CTCUSDT': np.float64(219.3622400566782), 'MAGICUSDT': np.float64(219.3622400566782), 'ILVUSDT': np.float64(219.3622400566782), 'BOBAUSDT': np.float64(219.3622400566782)}",1096.811200283391,"[{'symbol': 'SCRTUSDT', 'annualized_rate': 62.962917142857144, 'funding_interval_min': 240}, {'symbol': 'CTCUSDT', 'annualized_rate': 50.847941428571424, 'funding_interval_min': 240}, {'symbol': 'MAGICUSDT', 'annualized_rate': 43.8, 'funding_interval_min': 120}, {'symbol': 'ILVUSDT', 'annualized_rate': 34.078381428571426, 'funding_interval_min': 240}, {'symbol': 'BOBAUSDT', 'annualized_rate': 32.24576857142857, 'funding_interval_min': 480}]","['ILVUSDT', 'SCRTUSDT', 'BOBAUSDT']",[],1.1819009729957326
2023-04-09 00:00:00+00:00,"{'CTCUSDT': np.float64(220.18901902655148), 'SCRTUSDT': np.float64(220.18901902655148), 'SCUSDT': np.float64(220.18901902655148), 'MAGICUSDT': np.float64(220.18901902655148), 'COTIUSDT': np.float64(220.18901902655148)}",1100.9450951327574,"[{'symbol': 'CTCUSDT', 'annualized_rate': 66.24770857142857, 'funding_interval_min': 240}, {'symbol': 'SCRTUSDT', 'annualized_rate': 54.08361428571428, 'funding_interval_min': 240}, {'symbol': 'SCUSDT', 'annualized_rate': 53.92885428571429, 'funding_interval_min': 240}, {'symbol': 'MAGICUSDT', 'annualized_rate': 47.63708857142857, 'funding_interval_min': 120}, {'symbol': 'COTIUSDT', 'annualized_rate': 46.85098285714285, 'funding_interval_min': 480}]","['SCUSDT', 'COTIUSDT']","['ILVUSDT', 'BOBAUSDT']",0.7941392949339118
2023-04-16 00:00:00+00:00,"{'CTCUSDT': np.float64(221.26150640523457), 'BOBAUSDT': np.float64(221.26150640523457), 'IMXUSDT': np.float64(221.26150640523457), 'MAGICUSDT': np.float64(221.26150640523457), 'COTIUSDT': np.float64(221.26150640523457)}",1106.3075320261728,"[{'symbol': 'CTCUSDT', 'annualized_rate': 72.39316142857143, 'funding_interval_min': 240}, {'symbol': 'BOBAUSDT', 'annualized_rate': 69.93300928571428, 'funding_interval_min': 480}, {'symbol': 'IMXUSDT', 'annualized_rate': 67.47880142857143, 'funding_interval_min': 240}, {'symbol': 'MAGICUSDT', 'annualized_rate': 66.16824285714286, 'funding_interval_min': 120}, {'symbol': 'COTIUSDT', 'annualized_rate': 63.53294285714285, 'funding_interval_min': 480}]","['BOBAUSDT', 'IMXUSDT']","['SCRTUSDT', 'SCUSDT']",0.7982250642574907
2023-04-23 00:00:00+00:00,"{'MAGICUSDT': np.float64(557.0195449478938), 'SCRTUSDT': np.float64(557.0195449478938)}",1114.0390898957876,"[{'symbol': 'MAGICUSDT', 'annualized_rate': 42.13914571428571, 'funding_interval_min': 120}, {'symbol': 'SCRTUSDT', 'annualized_rate': 34.60127, 'funding_interval_min': 240}]",['SCRTUSDT'],"['COTIUSDT', 'CTCUSDT', 'BOBAUSDT', 'IMXUSDT']",1.6014825825246142
2023-04-30 00:00:00+00:00,"{'MAGICUSDT': np.float64(371.89162945449243), 'COTIUSDT': np.float64(371.89162945449243), '1000BONKUSDT': np.float64(371.89162945449243)}",1115.6748883634773,"[{'symbol': 'MAGICUSDT', 'annualized_rate': 43.27022857142857, 'funding_interval_min': 120}, {'symbol': 'COTIUSDT', 'annualized_rate': 36.266191428571425, 'funding_interval_min': 480}, {'symbol': '1000BONKUSDT', 'annualized_rate': 33.67041571428571, 'funding_interval_min': 240}]","['1000BONKUSDT', 'COTIUSDT']",['SCRTUSDT'],1.3377389691059838
2023-05-07 00:00:00+00:00,{},1120.2336958707303,[],[],[],0.0
2023-05-14 00:00:00+00:00,{'MAGICUSDT': np.float64(1119.2254855444467)},1119.2254855444467,"[{'symbol': 'MAGICUSDT', 'annualized_rate': 31.247754285714283, 'funding_interval_min': 120}]",['MAGICUSDT'],[],1.0082103262836575
2023-05-21 00:00:00+00:00,"{'MAGICUSDT': np.float64(559.947491922695), '10000LADYSUSDT': np.float64(559.947491922695)}",1119.89498384539,"[{'symbol': 'MAGICUSDT', 'annualized_rate': 38.990759999999995, 'funding_interval_min': 120}, {'symbol': '10000LADYSUSDT', 'annualized_rate': 33.49432928571429, 'funding_interval_min': 480}]",['10000LADYSUSDT'],[],1.007302936990002
2023-05-28 00:00:00+00:00,"{'HNTUSDT': np.float64(280.7561687326775), 'BSWUSDT': np.float64(280.7561687326775), 'MAGICUSDT': np.float64(280.7561687326775), 'CTKUSDT': np.float64(280.7561687326775)}",1123.02467493071,"[{'symbol': 'HNTUSDT', 'annualized_rate': 56.00283642857143, 'funding_interval_min': 480}, {'symbol': 'BSWUSDT', 'annualized_rate': 39.20381571428571, 'funding_interval_min': 240}, {'symbol': 'MAGICUSDT', 'annualized_rate': 36.84852285714286, 'funding_interval_min': 120}, {'symbol': 'CTKUSDT', 'annualized_rate': 36.19204428571428, 'funding_interval_min': 240}]","['HNTUSDT', 'BSWUSDT', 'CTKUSDT']",['10000LADYSUSDT'],1.5139478657192442
2023-06-04 00:00:00+00:00,"{'HNTUSDT': np.float64(563.5224052124012), 'PAXGUSDT': np.float64(563.5224052124012)}",1127.0448104248023,"[{'symbol': 'HNTUSDT', 'annualized_rate': 60.71514285714286, 'funding_interval_min': 480}, {'symbol': 'PAXGUSDT', 'annualized_rate': 41.88729571428571, 'funding_interval_min': 240}]",['PAXGUSDT'],"['BSWUSDT', 'MAGICUSDT', 'CTKUSDT']",1.5210703964579535
2023-06-11 00:00:00+00:00,{},1135.8699037686479,[],[],[],0.0
2023-06-18 00:00:00+00:00,{},1135.8699037686479,[],[],[],0.0
2023-06-25 00:00:00+00:00,{'HNTUSDT': np.float64(1134.847620855256)},1134.847620855256,"[{'symbol': 'HNTUSDT', 'annualized_rate': 69.37221285714286, 'funding_interval_min': 480}]",['HNTUSDT'],[],1.022282913391783
2023-07-02 00:00:00+00:00,{'HNTUSDT': np.float64(1149.9323401864683)},1149.9323401864683,"[{'symbol': 'HNTUSDT', 'annualized_rate': 30.89970071428571, 'funding_interval_min': 480}]",[],[],0.013588477027415752
2023-07-09 00:00:00+00:00,"{'BSVUSDT': np.float64(384.8902645020039), 'COTIUSDT': np.float64(384.8902645020039), 'MAGICUSDT': np.float64(384.8902645020039)}",1154.6707935060117,"[{'symbol': 'BSVUSDT', 'annualized_rate': 50.732705714285714, 'funding_interval_min': 240}, {'symbol': 'COTIUSDT', 'annualized_rate': 50.10010857142858, 'funding_interval_min': 480}, {'symbol': 'MAGICUSDT', 'annualized_rate': 33.99568285714285, 'funding_interval_min': 120}]","['COTIUSDT', 'MAGICUSDT', 'BSVUSDT']",['HNTUSDT'],2.0760112304306193
2023-07-16 00:00:00+00:00,"{'MAGICUSDT': np.float64(580.085140816427), 'COTIUSDT': np.float64(580.085140816427)}",1160.170281632854,"[{'symbol': 'MAGICUSDT', 'annualized_rate': 39.564957142857146, 'funding_interval_min': 120}, {'symbol': 'COTIUSDT', 'annualized_rate': 35.167854285714284, 'funding_interval_min': 480}]",[],['BSVUSDT'],0.698380557919893
2023-07-23 00:00:00+00:00,{},1165.183069974665,[],[],[],0.0
2023-07-30 00:00:00+00:00,"{'BSVUSDT': np.float64(582.0672026058438), 'KDAUSDT': np.float64(582.0672026058438)}",1164.1344052116876,"[{'symbol': 'BSVUSDT', 'annualized_rate': 55.34056999999999, 'funding_interval_min': 240}, {'symbol': 'KDAUSDT', 'annualized_rate': 38.851955714285715, 'funding_interval_min': 240}]","['BSVUSDT', 'KDAUSDT']",[],1.0486647629771984
2023-08-06 00:00:00+00:00,{},1169.391729316376,[],[],[],0.0
2023-08-13 00:00:00+00:00,"{'1000BTTUSDT': np.float64(584.1696383799957), 'COTIUSDT': np.float64(584.1696383799957)}",1168.3392767599914,"[{'symbol': '1000BTTUSDT', 'annualized_rate': 40.54931, 'funding_interval_min': 480}, {'symbol': 'COTIUSDT', 'annualized_rate': 31.890206428571428, 'funding_interval_min': 480}]","['COTIUSDT', '1000BTTUSDT']",[],1.0524525563847384
2023-08-20 00:00:00+00:00,{},1176.454859302882,[],[],[],0.0
2023-08-27 00:00:00+00:00,"{'BSVUSDT': np.float64(391.7986833098364), 'BOBAUSDT': np.float64(391.7986833098364), '1000BONKUSDT': np.float64(391.7986833098364)}",1175.3960499295092,"[{'symbol': 'BSVUSDT', 'annualized_rate': 45.03776714285715, 'funding_interval_min': 240}, {'symbol': 'BOBAUSDT', 'annualized_rate': 40.54555571428572, 'funding_interval_min': 480}, {'symbol': '1000BONKUSDT', 'annualized_rate': 37.102875714285716, 'funding_interval_min': 240}]","['1000BONKUSDT', 'BOBAUSDT', 'BSVUSDT']",[],1.0588093733725938
2023-09-03 00:00:00+00:00,"{'ARKUSDT': np.float64(294.9847699106198), 'ETHWUSDT': np.float64(294.9847699106198), '1000BTTUSDT': np.float64(294.9847699106198), '1000BONKUSDT': np.float64(294.9847699106198)}",1179.939079642479,"[{'symbol': 'ARKUSDT', 'annualized_rate': 330.1335314285715, 'funding_interval_min': 240}, {'symbol': 'ETHWUSDT', 'annualized_rate': 53.54560428571428, 'funding_interval_min': 240}, {'symbol': '1000BTTUSDT', 'annualized_rate': 44.63449428571429, 'funding_interval_min': 480}, {'symbol': '1000BONKUSDT', 'annualized_rate': 36.219471428571424, 'funding_interval_min': 240}]","['ETHWUSDT', 'ARKUSDT', '1000BTTUSDT']","['BOBAUSDT', 'BSVUSDT']",1.5895443257222488
2023-09-10 00:00:00+00:00,{'1000BTTUSDT': np.float64(1192.7356216569049)},1192.7356216569049,"[{'symbol': '1000BTTUSDT', 'annualized_rate': 54.012387142857136, 'funding_interval_min': 480}]",[],"['ETHWUSDT', '1000BONKUSDT', 'ARKUSDT']",1.6058799372738766
2023-09-17 00:00:00+00:00,{'AUCTIONUSDT': np.float64(1202.9325776845992)},1202.9325776845992,"[{'symbol': 'AUCTIONUSDT', 'annualized_rate': 39.21393142857143, 'funding_interval_min': 240}]",['AUCTIONUSDT'],['1000BTTUSDT'],2.158043618664151
2023-09-24 00:00:00+00:00,"{'KASUSDT': np.float64(603.1866267802981), 'AUCTIONUSDT': np.float64(603.1866267802981)}",1206.3732535605961,"[{'symbol': 'KASUSDT', 'annualized_rate': 39.20319, 'funding_interval_min': 240}, {'symbol': 'AUCTIONUSDT', 'annualized_rate': 34.44473714285714, 'funding_interval_min': 240}]",['KASUSDT'],[],1.0826393199161393
2023-10-01 00:00:00+00:00,{'KASUSDT': np.float64(1209.5434662008395)},1209.5434662008395,"[{'symbol': 'KASUSDT', 'annualized_rate': 31.80870714285714, 'funding_interval_min': 240}]",[],['AUCTIONUSDT'],1.0895697323398612
2023-10-08 00:00:00+00:00,{},1213.2327552042707,[],[],[],0.0
2023-10-15 00:00:00+00:00,{},1213.2327552042707,[],[],[],0.0
2023-10-22 00:00:00+00:00,"{'KASUSDT': np.float64(242.42816914491738), 'BIGTIMEUSDT': np.float64(242.42816914491738), 'ARKUSDT': np.float64(242.42816914491738), 'STEEMUSDT': np.float64(242.42816914491738), 'CVCUSDT': np.float64(242.42816914491738)}",1212.1408457245868,"[{'symbol': 'KASUSDT', 'annualized_rate': 79.64612857142858, 'funding_interval_min': 240}, {'symbol': 'BIGTIMEUSDT', 'annualized_rate': 45.75713, 'funding_interval_min': 240}, {'symbol': 'ARKUSDT', 'annualized_rate': 42.19598142857143, 'funding_interval_min': 240}, {'symbol': 'STEEMUSDT', 'annualized_rate': 39.932061818181815, 'funding_interval_min': 240}, {'symbol': 'CVCUSDT', 'annualized_rate': 36.488215714285715, 'funding_interval_min': 480}]","['BIGTIMEUSDT', 'CVCUSDT', 'STEEMUSDT', 'KASUSDT', 'ARKUSDT']",[],1.0919094796838436
2023-10-29 00:00:00+00:00,"{'1000BONKUSDT': np.float64(243.38101138300232), 'KASUSDT': np.float64(243.38101138300232), 'STEEMUSDT': np.float64(243.38101138300232), 'HIFIUSDT': np.float64(243.38101138300232), 'HNTUSDT': np.float64(243.38101138300232)}",1216.9050569150115,"[{'symbol': '1000BONKUSDT', 'annualized_rate': 200.00769428571428, 'funding_interval_min': 240}, {'symbol': 'KASUSDT', 'annualized_rate': 121.39024, 'funding_interval_min': 240}, {'symbol': 'STEEMUSDT', 'annualized_rate': 119.58599285714287, 'funding_interval_min': 240}, {'symbol': 'HIFIUSDT', 'annualized_rate': 87.83672857142858, 'funding_interval_min': 240}, {'symbol': 'HNTUSDT', 'annualized_rate': 68.82575571428572, 'funding_interval_min': 480}]","['HNTUSDT', '1000BONKUSDT', 'HIFIUSDT']","['BIGTIMEUSDT', 'CVCUSDT', 'ARKUSDT']",1.3145830281792972
2023-11-05 00:00:00+00:00,"{'1000BONKUSDT': np.float64(246.2261730103341), 'KASUSDT': np.float64(246.2261730103341), 'MAGICUSDT': np.float64(246.2261730103341), 'POLYXUSDT': np.float64(246.2261730103341), 'CTCUSDT': np.float64(246.2261730103341)}",1231.1308650516705,"[{'symbol': '1000BONKUSDT', 'annualized_rate': 265.9580842857143, 'funding_interval_min': 240}, {'symbol': 'KASUSDT', 'annualized_rate': 145.3144257142857, 'funding_interval_min': 240}, {'symbol': 'MAGICUSDT', 'annualized_rate': 114.71449428571428, 'funding_interval_min': 120}, {'symbol': 'POLYXUSDT', 'annualized_rate': 114.04226857142856, 'funding_interval_min': 240}, {'symbol': 'CTCUSDT', 'annualized_rate': 107.69262428571429, 'funding_interval_min': 240}]","['POLYXUSDT', 'CTCUSDT', 'MAGICUSDT']","['HNTUSDT', 'STEEMUSDT', 'HIFIUSDT']",1.3282561192985742
2023-11-12 00:00:00+00:00,"{'10000SATSUSDT': np.float64(249.217317262468), '1000BONKUSDT': np.float64(249.217317262468), 'BEAMUSDT': np.float64(249.217317262468), '10000LADYSUSDT': np.float64(249.217317262468), 'KASUSDT': np.float64(249.217317262468)}",1246.08658631234,"[{'symbol': '10000SATSUSDT', 'annualized_rate': 254.3766342857143, 'funding_interval_min': 240}, {'symbol': '1000BONKUSDT', 'annualized_rate': 194.32307999999998, 'funding_interval_min': 240}, {'symbol': 'BEAMUSDT', 'annualized_rate': 134.65770923076923, 'funding_interval_min': 240}, {'symbol': '10000LADYSUSDT', 'annualized_rate': 119.30504714285713, 'funding_interval_min': 480}, {'symbol': 'KASUSDT', 'annualized_rate': 118.2469642857143, 'funding_interval_min': 240}]","['10000SATSUSDT', 'BEAMUSDT', '10000LADYSUSDT']","['POLYXUSDT', 'CTCUSDT', 'MAGICUSDT']",1.3442913456014478
2023-11-19 00:00:00+00:00,"{'10000SATSUSDT': np.float64(252.38312238502468), '1000BONKUSDT': np.float64(252.38312238502468), 'AUCTIONUSDT': np.float64(252.38312238502468), 'POWRUSDT': np.float64(252.38312238502468), 'SCUSDT': np.float64(252.38312238502468)}",1261.9156119251234,"[{'symbol': '10000SATSUSDT', 'annualized_rate': 135.96072714285714, 'funding_interval_min': 240}, {'symbol': '1000BONKUSDT', 'annualized_rate': 90.47202857142857, 'funding_interval_min': 240}, {'symbol': 'AUCTIONUSDT', 'annualized_rate': 83.14178571428572, 'funding_interval_min': 240}, {'symbol': 'POWRUSDT', 'annualized_rate': 71.51924714285714, 'funding_interval_min': 240}, {'symbol': 'SCUSDT', 'annualized_rate': 68.07907, 'funding_interval_min': 240}]","['SCUSDT', 'AUCTIONUSDT', 'POWRUSDT']","['BEAMUSDT', '10000LADYSUSDT', 'KASUSDT']",1.3612447565497272
2023-11-26 00:00:00+00:00,"{'10000SATSUSDT': np.float64(254.37354721847518), 'POWRUSDT': np.float64(254.37354721847518), 'PYTHUSDT': np.float64(254.37354721847518), '1000BONKUSDT': np.float64(254.37354721847518), 'BEAMUSDT': np.float64(254.37354721847518)}",1271.867736092376,"[{'symbol': '10000SATSUSDT', 'annualized_rate': 138.84662571428572, 'funding_interval_min': 240}, {'symbol': 'POWRUSDT', 'annualized_rate': 115.09743142857144, 'funding_interval_min': 240}, {'symbol': 'PYTHUSDT', 'annualized_rate': 99.44101714285713, 'funding_interval_min': 240}, {'symbol': '1000BONKUSDT', 'annualized_rate': 98.98841714285713, 'funding_interval_min': 240}, {'symbol': 'BEAMUSDT', 'annualized_rate': 80.0445, 'funding_interval_min': 240}]","['BEAMUSDT', 'PYTHUSDT']","['SCUSDT', 'AUCTIONUSDT']",0.918362678747489
2023-12-03 00:00:00+00:00,"{'10000SATSUSDT': np.float64(256.6938323993805), 'GASUSDT': np.float64(256.6938323993805), 'BSWUSDT': np.float64(256.6938323993805), 'KASUSDT': np.float64(256.6938323993805), 'POWRUSDT': np.float64(256.6938323993805)}",1283.4691619969024,"[{'symbol': '10000SATSUSDT', 'annualized_rate': 222.20459571428572, 'funding_interval_min': 240}, {'symbol': 'GASUSDT', 'annualized_rate': 186.84370857142858, 'funding_interval_min': 120}, {'symbol': 'BSWUSDT', 'annualized_rate': 171.12712142857143, 'funding_interval_min': 240}, {'symbol': 'KASUSDT', 'annualized_rate': 145.10887857142856, 'funding_interval_min': 240}, {'symbol': 'POWRUSDT', 'annualized_rate': 141.79791142857144, 'funding_interval_min': 240}]","['KASUSDT', 'BSWUSDT', 'GASUSDT']","['1000BONKUSDT', 'BEAMUSDT', 'PYTHUSDT']",1.3853052129855268
2023-12-10 00:00:00+00:00,"{'BSWUSDT': np.float64(260.22182432297075), '10000LADYSUSDT': np.float64(260.22182432297075), 'DODOUSDT': np.float64(260.22182432297075), '1000BONKUSDT': np.float64(260.22182432297075), '10000SATSUSDT': np.float64(260.22182432297075)}",1301.1091216148536,"[{'symbol': 'BSWUSDT', 'annualized_rate': 187.15865142857143, 'funding_interval_min': 240}, {'symbol': '10000LADYSUSDT', 'annualized_rate': 185.15323714285714, 'funding_interval_min': 480}, {'symbol': 'DODOUSDT', 'annualized_rate': 140.61437285714285, 'funding_interval_min': 240}, {'symbol': '1000BONKUSDT', 'annualized_rate': 135.70481, 'funding_interval_min': 240}, {'symbol': '10000SATSUSDT', 'annualized_rate': 135.0055742857143, 'funding_interval_min': 240}]","['1000BONKUSDT', '10000LADYSUSDT', 'DODOUSDT']","['KASUSDT', 'GASUSDT', 'POWRUSDT']",1.4032856156669107
2023-12-17 00:00:00+00:00,"{'1000BONKUSDT': np.float64(264.7712331450681), 'BSWUSDT': np.float64(264.7712331450681), 'GASUSDT': np.float64(264.7712331450681), 'DATAUSDT': np.float64(264.7712331450681), 'POWRUSDT': np.float64(264.7712331450681)}",1323.8561657253406,"[{'symbol': '1000BONKUSDT', 'annualized_rate': 185.95540285714284, 'funding_interval_min': 240}, {'symbol': 'BSWUSDT', 'annualized_rate': 138.49706, 'funding_interval_min': 240}, {'symbol': 'GASUSDT', 'annualized_rate': 133.69762285714285, 'funding_interval_min': 120}, {'symbol': 'DATAUSDT', 'annualized_rate': 125.69256136363637, 'funding_interval_min': 480}, {'symbol': 'POWRUSDT', 'annualized_rate': 122.69402, 'funding_interval_min': 240}]","['DATAUSDT', 'GASUSDT', 'POWRUSDT']","['10000SATSUSDT', '10000LADYSUSDT', 'DODOUSDT']",1.4269544500485236
2023-12-24 00:00:00+00:00,"{'GASUSDT': np.float64(267.85624945683276), 'MAGICUSDT': np.float64(267.85624945683276), 'BSWUSDT': np.float64(267.85624945683276), 'POWRUSDT': np.float64(267.85624945683276), 'NFPUSDT': np.float64(267.85624945683276)}",1339.2812472841638,"[{'symbol': 'GASUSDT', 'annualized_rate': 231.28986285714285, 'funding_interval_min': 120}, {'symbol': 'MAGICUSDT', 'annualized_rate': 227.8298714285714, 'funding_interval_min': 120}, {'symbol': 'BSWUSDT', 'annualized_rate': 211.90148000000002, 'funding_interval_min': 240}, {'symbol': 'POWRUSDT', 'annualized_rate': 191.9526657142857, 'funding_interval_min': 240}, {'symbol': 'NFPUSDT', 'annualized_rate': 189.216, 'funding_interval_min': 240}]","['NFPUSDT', 'MAGICUSDT']","['DATAUSDT', '1000BONKUSDT']",0.96793014986006
2023-12-31 00:00:00+00:00,"{'BSWUSDT': np.float64(271.3767317952313), 'MAGICUSDT': np.float64(271.3767317952313), 'GASUSDT': np.float64(271.3767317952313), 'KASUSDT': np.float64(271.3767317952313), '1000BONKUSDT': np.float64(271.3767317952313)}",1356.8836589761565,"[{'symbol': 'BSWUSDT', 'annualized_rate': 153.52265, 'funding_interval_min': 240}, {'symbol': 'MAGICUSDT', 'annualized_rate': 145.11941142857142, 'funding_interval_min': 120}, {'symbol': 'GASUSDT', 'annualized_rate': 122.46521714285716, 'funding_interval_min': 120}, {'symbol': 'KASUSDT', 'annualized_rate': 106.21573000000001, 'funding_interval_min': 240}, {'symbol': '1000BONKUSDT', 'annualized_rate': 95.21546428571429, 'funding_interval_min': 240}]","['1000BONKUSDT', 'KASUSDT']","['NFPUSDT', 'POWRUSDT']",0.9810075753852381
2024-01-07 00:00:00+00:00,"{'GASUSDT': np.float64(456.20453904185393), 'MAGICUSDT': np.float64(456.20453904185393), '1000BONKUSDT': np.float64(456.20453904185393)}",1368.6136171255619,"[{'symbol': 'GASUSDT', 'annualized_rate': 43.8, 'funding_interval_min': 120}, {'symbol': 'MAGICUSDT', 'annualized_rate': 43.8, 'funding_interval_min': 120}, {'symbol': '1000BONKUSDT', 'annualized_rate': 37.94300142857143, 'funding_interval_min': 240}]",[],"['KASUSDT', 'BSWUSDT']",0.98840275928065
2024-01-14 00:00:00+00:00,"{'POLYXUSDT': np.float64(274.14215414595213), 'POWRUSDT': np.float64(274.14215414595213), 'HIFIUSDT': np.float64(274.14215414595213), 'MAGICUSDT': np.float64(274.14215414595213), 'GASUSDT': np.float64(274.14215414595213)}",1370.7107707297607,"[{'symbol': 'POLYXUSDT', 'annualized_rate': 63.08618285714285, 'funding_interval_min': 240}, {'symbol': 'POWRUSDT', 'annualized_rate': 61.36359142857142, 'funding_interval_min': 240}, {'symbol': 'HIFIUSDT', 'annualized_rate': 45.98113571428571, 'funding_interval_min': 240}, {'symbol': 'MAGICUSDT', 'annualized_rate': 43.8, 'funding_interval_min': 120}, {'symbol': 'GASUSDT', 'annualized_rate': 43.8, 'funding_interval_min': 120}]","['POLYXUSDT', 'POWRUSDT', 'HIFIUSDT']",['1000BONKUSDT'],1.478746368490691
2024-01-21 00:00:00+00:00,"{'GASUSDT': np.float64(275.1687727370582), 'MAGICUSDT': np.float64(275.1687727370582), 'HIFIUSDT': np.float64(275.1687727370582), 'ONDOUSDT': np.float64(275.1687727370582), 'POLYXUSDT': np.float64(275.1687727370582)}",1375.843863685291,"[{'symbol': 'GASUSDT', 'annualized_rate': 43.8, 'funding_interval_min': 120}, {'symbol': 'MAGICUSDT', 'annualized_rate': 41.630022857142855, 'funding_interval_min': 120}, {'symbol': 'HIFIUSDT', 'annualized_rate': 37.07002571428571, 'funding_interval_min': 240}, {'symbol': 'ONDOUSDT', 'annualized_rate': 36.492282857142854, 'funding_interval_min': 240}, {'symbol': 'POLYXUSDT', 'annualized_rate': 34.07786, 'funding_interval_min': 240}]",['ONDOUSDT'],['POWRUSDT'],0.4985243330224114
2024-01-28 00:00:00+00:00,"{'TAOUSDT': np.float64(275.6001974138013), '10000WENUSDT': np.float64(275.6001974138013), 'JUPUSDT': np.float64(275.6001974138013), 'GASUSDT': np.float64(275.6001974138013), 'MAGICUSDT': np.float64(275.6001974138013)}",1378.0009870690067,"[{'symbol': 'TAOUSDT', 'annualized_rate': 154.9922442857143, 'funding_interval_min': 240}, {'symbol': '10000WENUSDT', 'annualized_rate': 133.32785700000002, 'funding_interval_min': 480}, {'symbol': 'JUPUSDT', 'annualized_rate': 54.969218999999995, 'funding_interval_min': 240}, {'symbol': 'GASUSDT', 'annualized_rate': 43.8, 'funding_interval_min': 120}, {'symbol': 'MAGICUSDT', 'annualized_rate': 43.64836857142857, 'funding_interval_min': 120}]","['TAOUSDT', '10000WENUSDT', 'JUPUSDT']","['ONDOUSDT', 'POLYXUSDT', 'HIFIUSDT']",1.489193057577278
2024-02-04 00:00:00+00:00,"{'TAOUSDT': np.float64(276.8878606092571), 'DYMUSDT': np.float64(276.8878606092571), 'ONDOUSDT': np.float64(276.8878606092571), 'JUPUSDT': np.float64(276.8878606092571), 'NFPUSDT': np.float64(276.8878606092571)}",1384.4393030462854,"[{'symbol': 'TAOUSDT', 'annualized_rate': 150.88953999999998, 'funding_interval_min': 240}, {'symbol': 'DYMUSDT', 'annualized_rate': 74.44447090909091, 'funding_interval_min': 240}, {'symbol': 'ONDOUSDT', 'annualized_rate': 60.25513857142857, 'funding_interval_min': 240}, {'symbol': 'JUPUSDT', 'annualized_rate': 54.55206571428572, 'funding_interval_min': 240}, {'symbol': 'NFPUSDT', 'annualized_rate': 47.64856, 'funding_interval_min': 240}]","['NFPUSDT', 'DYMUSDT', 'ONDOUSDT']","['MAGICUSDT', '10000WENUSDT', 'GASUSDT']",1.4953813936683797
2024-02-11 00:00:00+00:00,"{'TAOUSDT': np.float64(278.55780577317273), 'AIUSDT': np.float64(278.55780577317273), 'LSKUSDT': np.float64(278.55780577317273), 'ONDOUSDT': np.float64(278.55780577317273), 'NFPUSDT': np.float64(278.55780577317273)}",1392.7890288658637,"[{'symbol': 'TAOUSDT', 'annualized_rate': 198.06839714285715, 'funding_interval_min': 240}, {'symbol': 'AIUSDT', 'annualized_rate': 155.55976714285714, 'funding_interval_min': 240}, {'symbol': 'LSKUSDT', 'annualized_rate': 142.72887, 'funding_interval_min': 240}, {'symbol': 'ONDOUSDT', 'annualized_rate': 134.64391142857144, 'funding_interval_min': 240}, {'symbol': 'NFPUSDT', 'annualized_rate': 108.88492285714285, 'funding_interval_min': 240}]","['AIUSDT', 'LSKUSDT']","['DYMUSDT', 'JUPUSDT']",1.005215745601988
2024-02-18 00:00:00+00:00,"{'TAOUSDT': np.float64(282.20602759582323), 'MOBILEUSDT': np.float64(282.20602759582323), 'AIUSDT': np.float64(282.20602759582323), 'CVXUSDT': np.float64(282.20602759582323), 'METISUSDT': np.float64(282.20602759582323)}",1411.0301379791163,"[{'symbol': 'TAOUSDT', 'annualized_rate': 167.36219857142856, 'funding_interval_min': 240}, {'symbol': 'MOBILEUSDT', 'annualized_rate': 135.19730357142856, 'funding_interval_min': 480}, {'symbol': 'AIUSDT', 'annualized_rate': 123.84408285714285, 'funding_interval_min': 240}, {'symbol': 'CVXUSDT', 'annualized_rate': 119.45699142857144, 'funding_interval_min': 240}, {'symbol': 'METISUSDT', 'annualized_rate': 118.71270428571428, 'funding_interval_min': 240}]","['MOBILEUSDT', 'METISUSDT', 'CVXUSDT']","['NFPUSDT', 'ONDOUSDT', 'LSKUSDT']",1.521998948430648
2024-02-25 00:00:00+00:00,"{'1000TURBOUSDT': np.float64(285.25110771268385), 'PORTALUSDT': np.float64(285.25110771268385), 'TAOUSDT': np.float64(285.25110771268385), 'PROMUSDT': np.float64(285.25110771268385), 'CVXUSDT': np.float64(285.25110771268385)}",1426.2555385634193,"[{'symbol': '1000TURBOUSDT', 'annualized_rate': 373.5204557142857, 'funding_interval_min': 240}, {'symbol': 'PORTALUSDT', 'annualized_rate': 305.69903400000004, 'funding_interval_min': 240}, {'symbol': 'TAOUSDT', 'annualized_rate': 281.08066, 'funding_interval_min': 240}, {'symbol': 'PROMUSDT', 'annualized_rate': 254.27161857142858, 'funding_interval_min': 240}, {'symbol': 'CVXUSDT', 'annualized_rate': 245.62122285714287, 'funding_interval_min': 240}]","['PORTALUSDT', 'PROMUSDT', '1000TURBOUSDT']","['AIUSDT', 'MOBILEUSDT', 'METISUSDT']",1.53900051000232
2024-03-03 00:00:00+00:00,"{'TAOUSDT': np.float64(290.28989078025126), 'GLMUSDT': np.float64(290.28989078025126), 'KASUSDT': np.float64(290.28989078025126), 'PROMUSDT': np.float64(290.28989078025126), 'GASUSDT': np.float64(290.28989078025126)}",1451.4494539012562,"[{'symbol': 'TAOUSDT', 'annualized_rate': 366.7310385714286, 'funding_interval_min': 240}, {'symbol': 'GLMUSDT', 'annualized_rate': 330.45567, 'funding_interval_min': 240}, {'symbol': 'KASUSDT', 'annualized_rate': 329.85686142857145, 'funding_interval_min': 240}, {'symbol': 'PROMUSDT', 'annualized_rate': 313.5035057142857, 'funding_interval_min': 240}, {'symbol': 'GASUSDT', 'annualized_rate': 303.48227428571425, 'funding_interval_min': 120}]","['KASUSDT', 'GASUSDT', 'GLMUSDT']","['PORTALUSDT', '1000TURBOUSDT', 'CVXUSDT']",1.564438500102638
2024-03-10 00:00:00+00:00,"{'BOMEUSDT': np.float64(298.381276963854), 'GASUSDT': np.float64(298.381276963854), 'TAOUSDT': np.float64(298.381276963854), 'PROMUSDT': np.float64(298.381276963854), 'SUPERUSDT': np.float64(298.381276963854)}",1491.9063848192702,"[{'symbol': 'BOMEUSDT', 'annualized_rate': 514.1643675, 'funding_interval_min': 240}, {'symbol': 'GASUSDT', 'annualized_rate': 349.7438342857143, 'funding_interval_min': 120}, {'symbol': 'TAOUSDT', 'annualized_rate': 307.75267, 'funding_interval_min': 240}, {'symbol': 'PROMUSDT', 'annualized_rate': 302.17776428571426, 'funding_interval_min': 240}, {'symbol': 'SUPERUSDT', 'annualized_rate': 298.08361142857143, 'funding_interval_min': 240}]","['BOMEUSDT', 'SUPERUSDT']","['KASUSDT', 'GLMUSDT']",1.0824290307628037
2024-03-17 00:00:00+00:00,"{'SLERFUSDT': np.float64(304.91747419935723), 'PROMUSDT': np.float64(304.91747419935723), 'BOMEUSDT': np.float64(304.91747419935723), 'BADGERUSDT': np.float64(304.91747419935723), 'GASUSDT': np.float64(304.91747419935723)}",1524.5873709967861,"[{'symbol': 'SLERFUSDT', 'annualized_rate': 258.316111875, 'funding_interval_min': 240}, {'symbol': 'PROMUSDT', 'annualized_rate': 108.85301142857142, 'funding_interval_min': 240}, {'symbol': 'BOMEUSDT', 'annualized_rate': 87.70991714285714, 'funding_interval_min': 240}, {'symbol': 'BADGERUSDT', 'annualized_rate': 87.38256428571428, 'funding_interval_min': 240}, {'symbol': 'GASUSDT', 'annualized_rate': 78.60681714285714, 'funding_interval_min': 120}]","['BADGERUSDT', 'SLERFUSDT']","['TAOUSDT', 'SUPERUSDT']",1.1045796062752866
2024-03-24 00:00:00+00:00,"{'POPCATUSDT': np.float64(307.62660485264456), 'TAOUSDT': np.float64(307.62660485264456), 'GASUSDT': np.float64(307.62660485264456), 'SLERFUSDT': np.float64(307.62660485264456), 'BIGTIMEUSDT': np.float64(307.62660485264456)}",1538.1330242632228,"[{'symbol': 'POPCATUSDT', 'annualized_rate': 420.79371749999996, 'funding_interval_min': 240}, {'symbol': 'TAOUSDT', 'annualized_rate': 297.7449957142857, 'funding_interval_min': 240}, {'symbol': 'GASUSDT', 'annualized_rate': 247.01927714285713, 'funding_interval_min': 120}, {'symbol': 'SLERFUSDT', 'annualized_rate': 234.50248857142856, 'funding_interval_min': 240}, {'symbol': 'BIGTIMEUSDT', 'annualized_rate': 196.96150857142857, 'funding_interval_min': 240}]","['TAOUSDT', 'BIGTIMEUSDT', 'POPCATUSDT']","['BADGERUSDT', 'BOMEUSDT', 'PROMUSDT']",1.660239664314205
2024-03-31 00:00:00+00:00,"{'POPCATUSDT': np.float64(313.5977341490624), 'GASUSDT': np.float64(313.5977341490624), 'SLERFUSDT': np.float64(313.5977341490624), 'BIGTIMEUSDT': np.float64(313.5977341490624), 'TAOUSDT': np.float64(313.5977341490624)}",1567.9886707453118,"[{'symbol': 'POPCATUSDT', 'annualized_rate': 230.26588142857145, 'funding_interval_min': 240}, {'symbol': 'GASUSDT', 'annualized_rate': 195.02721714285715, 'funding_interval_min': 120}, {'symbol': 'SLERFUSDT', 'annualized_rate': 170.22087857142856, 'funding_interval_min': 240}, {'symbol': 'BIGTIMEUSDT', 'annualized_rate': 155.4672657142857, 'funding_interval_min': 240}, {'symbol': 'TAOUSDT', 'annualized_rate': 144.61425142857144, 'funding_interval_min': 240}]",[],[],0.026894286691902834
2024-04-07 00:00:00+00:00,"{'TAOUSDT': np.float64(318.28034568846846), 'GASUSDT': np.float64(318.28034568846846), 'POPCATUSDT': np.float64(318.28034568846846), 'NKNUSDT': np.float64(318.28034568846846), 'SLERFUSDT': np.float64(318.28034568846846)}",1591.4017284423423,"[{'symbol': 'TAOUSDT', 'annualized_rate': 133.66320857142858, 'funding_interval_min': 240}, {'symbol': 'GASUSDT', 'annualized_rate': 128.15567142857142, 'funding_interval_min': 120}, {'symbol': 'POPCATUSDT', 'annualized_rate': 116.10264142857143, 'funding_interval_min': 240}, {'symbol': 'NKNUSDT', 'annualized_rate': 101.97516, 'funding_interval_min': 240}, {'symbol': 'SLERFUSDT', 'annualized_rate': 91.77601714285714, 'funding_interval_min': 240}]",['NKNUSDT'],['BIGTIMEUSDT'],0.5860751410225598
2024-04-14 00:00:00+00:00,{},1606.8935404826027,[],[],[],0.0
2024-04-21 00:00:00+00:00,"{'POPCATUSDT': np.float64(535.1491120987228), 'GASUSDT': np.float64(535.1491120987228), 'TAOUSDT': np.float64(535.1491120987228)}",1605.4473362961683,"[{'symbol': 'POPCATUSDT', 'annualized_rate': 74.05088714285714, 'funding_interval_min': 240}, {'symbol': 'GASUSDT', 'annualized_rate': 43.8, 'funding_interval_min': 120}, {'symbol': 'TAOUSDT', 'annualized_rate': 32.06379, 'funding_interval_min': 240}]","['TAOUSDT', 'GASUSDT', 'POPCATUSDT']",[],1.4462041864343422
2024-04-28 00:00:00+00:00,"{'POPCATUSDT': np.float64(537.015771453076), 'GASUSDT': np.float64(537.015771453076), 'ORCAUSDT': np.float64(537.015771453076)}",1611.047314359228,"[{'symbol': 'POPCATUSDT', 'annualized_rate': 94.72740714285715, 'funding_interval_min': 240}, {'symbol': 'GASUSDT', 'annualized_rate': 43.8, 'funding_interval_min': 120}, {'symbol': 'ORCAUSDT', 'annualized_rate': 43.8, 'funding_interval_min': 120}]",['ORCAUSDT'],['TAOUSDT'],0.9691806446146081
2024-05-05 00:00:00+00:00,"{'POPCATUSDT': np.float64(323.40441329163684), 'GASUSDT': np.float64(323.40441329163684), 'ORCAUSDT': np.float64(323.40441329163684), 'NKNUSDT': np.float64(323.40441329163684), 'MAGICUSDT': np.float64(323.40441329163684)}",1617.022066458184,"[{'symbol': 'POPCATUSDT', 'annualized_rate': 153.49856, 'funding_interval_min': 240}, {'symbol': 'GASUSDT', 'annualized_rate': 43.8, 'funding_interval_min': 120}, {'symbol': 'ORCAUSDT', 'annualized_rate': 43.8, 'funding_interval_min': 120}, {'symbol': 'NKNUSDT', 'annualized_rate': 38.156682857142854, 'funding_interval_min': 240}, {'symbol': 'MAGICUSDT', 'annualized_rate': 33.85698285714285, 'funding_interval_min': 120}]","['NKNUSDT', 'MAGICUSDT']",[],1.1586700503517686
2024-05-12 00:00:00+00:00,"{'GASUSDT': np.float64(406.06491571038674), 'ORCAUSDT': np.float64(406.06491571038674), 'POPCATUSDT': np.float64(406.06491571038674), 'MAGICUSDT': np.float64(406.06491571038674)}",1624.259662841547,"[{'symbol': 'GASUSDT', 'annualized_rate': 43.8, 'funding_interval_min': 120}, {'symbol': 'ORCAUSDT', 'annualized_rate': 43.8, 'funding_interval_min': 120}, {'symbol': 'POPCATUSDT', 'annualized_rate': 41.04852571428571, 'funding_interval_min': 240}, {'symbol': 'MAGICUSDT', 'annualized_rate': 31.049194285714282, 'funding_interval_min': 120}]",[],['NKNUSDT'],0.5891720355019243
2024-05-19 00:00:00+00:00,"{'POPCATUSDT': np.float64(325.2826121266793), 'KASUSDT': np.float64(325.2826121266793), 'TAOUSDT': np.float64(325.2826121266793), 'NKNUSDT': np.float64(325.2826121266793), 'ORCAUSDT': np.float64(325.2826121266793)}",1626.4130606333963,"[{'symbol': 'POPCATUSDT', 'annualized_rate': 142.01837142857144, 'funding_interval_min': 240}, {'symbol': 'KASUSDT', 'annualized_rate': 49.08645142857143, 'funding_interval_min': 240}, {'symbol': 'TAOUSDT', 'annualized_rate': 47.96339857142857, 'funding_interval_min': 240}, {'symbol': 'NKNUSDT', 'annualized_rate': 44.722719999999995, 'funding_interval_min': 240}, {'symbol': 'ORCAUSDT', 'annualized_rate': 43.8, 'funding_interval_min': 120}]","['TAOUSDT', 'NKNUSDT', 'KASUSDT']","['MAGICUSDT', 'GASUSDT']",1.7549039301788358
2024-05-26 00:00:00+00:00,"{'1000000MOGUSDT': np.float64(326.8365813961235), 'TAOUSDT': np.float64(326.8365813961235), 'SLERFUSDT': np.float64(326.8365813961235), 'POPCATUSDT': np.float64(326.8365813961235), 'BRETTUSDT': np.float64(326.8365813961235)}",1634.1829069806174,"[{'symbol': '1000000MOGUSDT', 'annualized_rate': 134.10579714285714, 'funding_interval_min': 240}, {'symbol': 'TAOUSDT', 'annualized_rate': 102.48939285714286, 'funding_interval_min': 240}, {'symbol': 'SLERFUSDT', 'annualized_rate': 93.52520142857144, 'funding_interval_min': 240}, {'symbol': 'POPCATUSDT', 'annualized_rate': 88.80971428571429, 'funding_interval_min': 240}, {'symbol': 'BRETTUSDT', 'annualized_rate': 78.97838714285714, 'funding_interval_min': 240}]","['1000000MOGUSDT', 'BRETTUSDT', 'SLERFUSDT']","['NKNUSDT', 'KASUSDT', 'ORCAUSDT']",1.765107564004171
2024-06-02 00:00:00+00:00,"{'1000000MOGUSDT': np.float64(329.6017286797332), 'TAOUSDT': np.float64(329.6017286797332), 'DEGENUSDT': np.float64(329.6017286797332), 'DOGUSDT': np.float64(329.6017286797332), 'NOTUSDT': np.float64(329.6017286797332)}",1648.008643398666,"[{'symbol': '1000000MOGUSDT', 'annualized_rate': 105.17996428571429, 'funding_interval_min': 240}, {'symbol': 'TAOUSDT', 'annualized_rate': 102.45852428571429, 'funding_interval_min': 240}, {'symbol': 'DEGENUSDT', 'annualized_rate': 95.25384142857142, 'funding_interval_min': 240}, {'symbol': 'DOGUSDT', 'annualized_rate': 92.96794269230769, 'funding_interval_min': 480}, {'symbol': 'NOTUSDT', 'annualized_rate': 87.93809428571429, 'funding_interval_min': 240}]","['DEGENUSDT', 'DOGUSDT', 'NOTUSDT']","['BRETTUSDT', 'SLERFUSDT', 'POPCATUSDT']",1.7789617679064265
2024-06-09 00:00:00+00:00,"{'ETHBTCUSDT': np.float64(332.2036388224389), 'GASUSDT': np.float64(332.2036388224389), 'MAGICUSDT': np.float64(332.2036388224389), 'ORCAUSDT': np.float64(332.2036388224389), 'PAXGUSDT': np.float64(332.2036388224389)}",1661.0181941121946,"[{'symbol': 'ETHBTCUSDT', 'annualized_rate': 44.20614071428571, 'funding_interval_min': 480}, {'symbol': 'GASUSDT', 'annualized_rate': 43.8, 'funding_interval_min': 120}, {'symbol': 'MAGICUSDT', 'annualized_rate': 43.8, 'funding_interval_min': 120}, {'symbol': 'ORCAUSDT', 'annualized_rate': 43.8, 'funding_interval_min': 120}, {'symbol': 'PAXGUSDT', 'annualized_rate': 37.53952, 'funding_interval_min': 240}]","['ETHBTCUSDT', 'MAGICUSDT', 'GASUSDT', 'PAXGUSDT', 'ORCAUSDT']","['1000000MOGUSDT', 'TAOUSDT', 'DEGENUSDT', 'NOTUSDT', 'DOGUSDT']",2.9808068799517313
2024-06-16 00:00:00+00:00,"{'ORCAUSDT': np.float64(555.3072873510281), 'GASUSDT': np.float64(555.3072873510281), 'MAGICUSDT': np.float64(555.3072873510281)}",1665.9218620530842,"[{'symbol': 'ORCAUSDT', 'annualized_rate': 43.8, 'funding_interval_min': 120}, {'symbol': 'GASUSDT', 'annualized_rate': 39.23207714285714, 'funding_interval_min': 120}, {'symbol': 'MAGICUSDT', 'annualized_rate': 35.43691142857143, 'funding_interval_min': 120}]",[],"['ETHBTCUSDT', 'PAXGUSDT']",1.2014276858248232
2024-06-23 00:00:00+00:00,"{'ORCAUSDT': np.float64(333.4552510384391), 'MAGICUSDT': np.float64(333.4552510384391), 'POPCATUSDT': np.float64(333.4552510384391), '1000000MOGUSDT': np.float64(333.4552510384391), 'SLERFUSDT': np.float64(333.4552510384391)}",1667.2762551921955,"[{'symbol': 'ORCAUSDT', 'annualized_rate': 43.8, 'funding_interval_min': 120}, {'symbol': 'MAGICUSDT', 'annualized_rate': 36.95552, 'funding_interval_min': 120}, {'symbol': 'POPCATUSDT', 'annualized_rate': 35.29268428571429, 'funding_interval_min': 240}, {'symbol': '1000000MOGUSDT', 'annualized_rate': 31.571874285714287, 'funding_interval_min': 240}, {'symbol': 'SLERFUSDT', 'annualized_rate': 30.061295714285713, 'funding_interval_min': 240}]","['1000000MOGUSDT', 'SLERFUSDT', 'POPCATUSDT']",['GASUSDT'],1.799763359187025
2024-06-30 00:00:00+00:00,"{'ORCAUSDT': np.float64(334.0924340388982), 'GASUSDT': np.float64(334.0924340388982), 'MAGICUSDT': np.float64(334.0924340388982), 'SLERFUSDT': np.float64(334.0924340388982), 'PAXGUSDT': np.float64(334.0924340388982)}",1670.4621701944911,"[{'symbol': 'ORCAUSDT', 'annualized_rate': 43.8, 'funding_interval_min': 120}, {'symbol': 'GASUSDT', 'annualized_rate': 35.232302857142855, 'funding_interval_min': 120}, {'symbol': 'MAGICUSDT', 'annualized_rate': 34.330439999999996, 'funding_interval_min': 120}, {'symbol': 'SLERFUSDT', 'annualized_rate': 33.68637142857143, 'funding_interval_min': 240}, {'symbol': 'PAXGUSDT', 'annualized_rate': 33.38561142857143, 'funding_interval_min': 240}]","['GASUSDT', 'PAXGUSDT']","['1000000MOGUSDT', 'POPCATUSDT']",1.2043901784010076
2024-07-07 00:00:00+00:00,"{'ORCAUSDT': np.float64(557.740154676416), 'GASUSDT': np.float64(557.740154676416), 'MAGICUSDT': np.float64(557.740154676416)}",1673.220464029248,"[{'symbol': 'ORCAUSDT', 'annualized_rate': 43.8, 'funding_interval_min': 120}, {'symbol': 'GASUSDT', 'annualized_rate': 41.80105142857143, 'funding_interval_min': 120}, {'symbol': 'MAGICUSDT', 'annualized_rate': 36.83016857142857, 'funding_interval_min': 120}]",[],"['SLERFUSDT', 'PAXGUSDT']",1.2063008977993341
2024-07-14 00:00:00+00:00,"{'AKTUSDT': np.float64(334.8166375539728), 'MAGICUSDT': np.float64(334.8166375539728), '1000000PEIPEIUSDT': np.float64(334.8166375539728), 'RAYDIUMUSDT': np.float64(334.8166375539728), 'SLERFUSDT': np.float64(334.8166375539728)}",1674.083187769864,"[{'symbol': 'AKTUSDT', 'annualized_rate': 48.37783, 'funding_interval_min': 240}, {'symbol': 'MAGICUSDT', 'annualized_rate': 43.8, 'funding_interval_min': 120}, {'symbol': '1000000PEIPEIUSDT', 'annualized_rate': 40.30429071428571, 'funding_interval_min': 480}, {'symbol': 'RAYDIUMUSDT', 'annualized_rate': 40.114647142857145, 'funding_interval_min': 240}, {'symbol': 'SLERFUSDT', 'annualized_rate': 38.49018857142857, 'funding_interval_min': 240}]","['1000000PEIPEIUSDT', 'AKTUSDT', 'SLERFUSDT', 'RAYDIUMUSDT']","['ORCAUSDT', 'GASUSDT']",2.4112053899326136
2024-07-21 00:00:00+00:00,"{'AKTUSDT': np.float64(335.927305004161), 'GASUSDT': np.float64(335.927305004161), 'RAYDIUMUSDT': np.float64(335.927305004161), 'TAOUSDT': np.float64(335.927305004161), 'RENDERUSDT': np.float64(335.927305004161)}",1679.6365250208048,"[{'symbol': 'AKTUSDT', 'annualized_rate': 46.63344285714285, 'funding_interval_min': 240}, {'symbol': 'GASUSDT', 'annualized_rate': 43.8, 'funding_interval_min': 120}, {'symbol': 'RAYDIUMUSDT', 'annualized_rate': 42.230917142857145, 'funding_interval_min': 240}, {'symbol': 'TAOUSDT', 'annualized_rate': 39.90378142857143, 'funding_interval_min': 240}, {'symbol': 'RENDERUSDT', 'annualized_rate': 39.51636, 'funding_interval_min': 240}]","['RENDERUSDT', 'TAOUSDT', 'GASUSDT']","['1000000PEIPEIUSDT', 'MAGICUSDT', 'SLERFUSDT']",1.8146410232382144
2024-07-28 00:00:00+00:00,"{'ORCAUSDT': np.float64(560.7696914983202), 'GASUSDT': np.float64(560.7696914983202), 'MAGICUSDT': np.float64(560.7696914983202)}",1682.3090744949607,"[{'symbol': 'ORCAUSDT', 'annualized_rate': 43.8, 'funding_interval_min': 120}, {'symbol': 'GASUSDT', 'annualized_rate': 42.474737142857144, 'funding_interval_min': 120}, {'symbol': 'MAGICUSDT', 'annualized_rate': 33.111757142857144, 'funding_interval_min': 120}]","['ORCAUSDT', 'MAGICUSDT']","['RENDERUSDT', 'TAOUSDT', 'AKTUSDT', 'RAYDIUMUSDT']",2.42326282710109
2024-08-04 00:00:00+00:00,{'GASUSDT': np.float64(1683.4972660612102)},1683.4972660612102,"[{'symbol': 'GASUSDT', 'annualized_rate': 41.87655428571428, 'funding_interval_min': 120}]",[],"['ORCAUSDT', 'MAGICUSDT']",2.0216597555836024
2024-08-11 00:00:00+00:00,"{'NEIROETHUSDT': np.float64(561.6187158183817), 'ORCAUSDT': np.float64(561.6187158183817), 'GASUSDT': np.float64(561.6187158183817)}",1684.8561474551452,"[{'symbol': 'NEIROETHUSDT', 'annualized_rate': 103.48719857142858, 'funding_interval_min': 240}, {'symbol': 'ORCAUSDT', 'annualized_rate': 43.8, 'funding_interval_min': 120}, {'symbol': 'GASUSDT', 'annualized_rate': 39.94038571428571, 'funding_interval_min': 120}]","['NEIROETHUSDT', 'ORCAUSDT']",[],2.0212107469157075
2024-08-18 00:00:00+00:00,"{'NEIROETHUSDT': np.float64(422.0531029814542), 'GASUSDT': np.float64(422.0531029814542), 'ORCAUSDT': np.float64(422.0531029814542), 'TAOUSDT': np.float64(422.0531029814542)}",1688.2124119258167,"[{'symbol': 'NEIROETHUSDT', 'annualized_rate': 75.18426428571428, 'funding_interval_min': 240}, {'symbol': 'GASUSDT', 'annualized_rate': 43.8, 'funding_interval_min': 120}, {'symbol': 'ORCAUSDT', 'annualized_rate': 43.8, 'funding_interval_min': 120}, {'symbol': 'TAOUSDT', 'annualized_rate': 38.988882857142855, 'funding_interval_min': 240}]",['TAOUSDT'],[],0.7563345967744646
2024-08-25 00:00:00+00:00,"{'NEIROETHUSDT': np.float64(338.6782713228526), 'SUNDOGUSDT': np.float64(338.6782713228526), 'ORCAUSDT': np.float64(338.6782713228526), 'GASUSDT': np.float64(338.6782713228526), 'PAXGUSDT': np.float64(338.6782713228526)}",1693.391356614263,"[{'symbol': 'NEIROETHUSDT', 'annualized_rate': 89.00744, 'funding_interval_min': 240}, {'symbol': 'SUNDOGUSDT', 'annualized_rate': 59.5449405882353, 'funding_interval_min': 480}, {'symbol': 'ORCAUSDT', 'annualized_rate': 43.8, 'funding_interval_min': 120}, {'symbol': 'GASUSDT', 'annualized_rate': 43.54846285714285, 'funding_interval_min': 120}, {'symbol': 'PAXGUSDT', 'annualized_rate': 34.672288571428574, 'funding_interval_min': 240}]","['SUNDOGUSDT', 'PAXGUSDT']",['TAOUSDT'],1.2143621413572234
2024-09-01 00:00:00+00:00,{'GASUSDT': np.float64(1699.511034935689)},1699.511034935689,"[{'symbol': 'GASUSDT', 'annualized_rate': 43.8, 'funding_interval_min': 120}]",[],"['SUNDOGUSDT', 'NEIROETHUSDT', 'ORCAUSDT', 'PAXGUSDT']",2.446192837567633
2024-09-08 00:00:00+00:00,"{'ORCAUSDT': np.float64(567.0131747250595), 'GASUSDT': np.float64(567.0131747250595), '1000CATUSDT': np.float64(567.0131747250595)}",1701.0395241751783,"[{'symbol': 'ORCAUSDT', 'annualized_rate': 43.8, 'funding_interval_min': 120}, {'symbol': 'GASUSDT', 'annualized_rate': 42.77674857142857, 'funding_interval_min': 120}, {'symbol': '1000CATUSDT', 'annualized_rate': 30.500567999999998, 'funding_interval_min': 240}]","['1000CATUSDT', 'ORCAUSDT']",[],2.040483933874836
2024-09-15 00:00:00+00:00,"{'1000CATUSDT': np.float64(567.5883032626175), 'NEIROETHUSDT': np.float64(567.5883032626175), 'ORCAUSDT': np.float64(567.5883032626175)}",1702.7649097878525,"[{'symbol': '1000CATUSDT', 'annualized_rate': 66.05311142857143, 'funding_interval_min': 240}, {'symbol': 'NEIROETHUSDT', 'annualized_rate': 44.25114, 'funding_interval_min': 240}, {'symbol': 'ORCAUSDT', 'annualized_rate': 43.8, 'funding_interval_min': 120}]",['NEIROETHUSDT'],['GASUSDT'],1.0230973491707673
2024-09-22 00:00:00+00:00,"{'1000CATUSDT': np.float64(341.74711985063334), '1000MUMUUSDT': np.float64(341.74711985063334), 'NEIROETHUSDT': np.float64(341.74711985063334), '1000NEIROCTOUSDT': np.float64(341.74711985063334), 'ORCAUSDT': np.float64(341.74711985063334)}",1708.7355992531668,"[{'symbol': '1000CATUSDT', 'annualized_rate': 147.51016142857142, 'funding_interval_min': 240}, {'symbol': '1000MUMUUSDT', 'annualized_rate': 86.60522470588235, 'funding_interval_min': 480}, {'symbol': 'NEIROETHUSDT', 'annualized_rate': 53.314507142857146, 'funding_interval_min': 240}, {'symbol': '1000NEIROCTOUSDT', 'annualized_rate': 47.46085875, 'funding_interval_min': 240}, {'symbol': 'ORCAUSDT', 'annualized_rate': 43.8, 'funding_interval_min': 120}]","['1000MUMUUSDT', '1000NEIROCTOUSDT']",[],1.2246955657416636
2024-09-29 00:00:00+00:00,"{'MOODENGUSDT': np.float64(344.1190886781202), '1000CATUSDT': np.float64(344.1190886781202), 'NEIROETHUSDT': np.float64(344.1190886781202), 'ORCAUSDT': np.float64(344.1190886781202), '1000NEIROCTOUSDT': np.float64(344.1190886781202)}",1720.595443390601,"[{'symbol': 'MOODENGUSDT', 'annualized_rate': 63.942837857142855, 'funding_interval_min': 240}, {'symbol': '1000CATUSDT', 'annualized_rate': 54.407421428571425, 'funding_interval_min': 240}, {'symbol': 'NEIROETHUSDT', 'annualized_rate': 44.80468857142857, 'funding_interval_min': 240}, {'symbol': 'ORCAUSDT', 'annualized_rate': 43.8, 'funding_interval_min': 120}, {'symbol': '1000NEIROCTOUSDT', 'annualized_rate': 41.20401571428571, 'funding_interval_min': 240}]",['MOODENGUSDT'],['1000MUMUUSDT'],0.6263824196325003
2024-10-06 00:00:00+00:00,"{'MOODENGUSDT': np.float64(345.09876427062034), '10000WHYUSDT': np.float64(345.09876427062034), 'RAYDIUMUSDT': np.float64(345.09876427062034), '1000MUMUUSDT': np.float64(345.09876427062034), 'ORCAUSDT': np.float64(345.09876427062034)}",1725.4938213531016,"[{'symbol': 'MOODENGUSDT', 'annualized_rate': 118.10930714285715, 'funding_interval_min': 240}, {'symbol': '10000WHYUSDT', 'annualized_rate': 48.672645714285714, 'funding_interval_min': 240}, {'symbol': 'RAYDIUMUSDT', 'annualized_rate': 47.87882285714285, 'funding_interval_min': 240}, {'symbol': '1000MUMUUSDT', 'annualized_rate': 46.537395714285715, 'funding_interval_min': 480}, {'symbol': 'ORCAUSDT', 'annualized_rate': 43.8, 'funding_interval_min': 120}]","['10000WHYUSDT', '1000MUMUUSDT', 'RAYDIUMUSDT']","['1000NEIROCTOUSDT', '1000CATUSDT', 'NEIROETHUSDT']",1.8643295155921327
2024-10-13 00:00:00+00:00,"{'RAYDIUMUSDT': np.float64(347.0299674621404), '1000MUMUUSDT': np.float64(347.0299674621404), 'MOODENGUSDT': np.float64(347.0299674621404), 'SLERFUSDT': np.float64(347.0299674621404), 'TAOUSDT': np.float64(347.0299674621404)}",1735.149837310702,"[{'symbol': 'RAYDIUMUSDT', 'annualized_rate': 90.91315714285714, 'funding_interval_min': 240}, {'symbol': '1000MUMUUSDT', 'annualized_rate': 67.77987428571429, 'funding_interval_min': 480}, {'symbol': 'MOODENGUSDT', 'annualized_rate': 65.47244857142857, 'funding_interval_min': 240}, {'symbol': 'SLERFUSDT', 'annualized_rate': 47.98477714285714, 'funding_interval_min': 240}, {'symbol': 'TAOUSDT', 'annualized_rate': 46.923252857142856, 'funding_interval_min': 240}]","['TAOUSDT', 'SLERFUSDT']","['10000WHYUSDT', 'ORCAUSDT']",1.2521729213653026
2024-10-20 00:00:00+00:00,"{'GOATUSDT': np.float64(349.22751002415714), 'ORCAUSDT': np.float64(349.22751002415714), '1000MUMUUSDT': np.float64(349.22751002415714), 'TAOUSDT': np.float64(349.22751002415714), 'GASUSDT': np.float64(349.22751002415714)}",1746.1375501207856,"[{'symbol': 'GOATUSDT', 'annualized_rate': 124.24148727272727, 'funding_interval_min': 240}, {'symbol': 'ORCAUSDT', 'annualized_rate': 84.32125714285715, 'funding_interval_min': 120}, {'symbol': '1000MUMUUSDT', 'annualized_rate': 66.63565142857144, 'funding_interval_min': 480}, {'symbol': 'TAOUSDT', 'annualized_rate': 48.51569571428571, 'funding_interval_min': 240}, {'symbol': 'GASUSDT', 'annualized_rate': 43.8, 'funding_interval_min': 120}]","['ORCAUSDT', 'GOATUSDT', 'GASUSDT']","['MOODENGUSDT', 'SLERFUSDT', 'RAYDIUMUSDT']",1.8855477588075602
2024-10-27 00:00:00+00:00,"{'1000NEIROCTOUSDT': np.float64(350.93090468458365), '1000MUMUUSDT': np.float64(350.93090468458365), 'GOATUSDT': np.float64(350.93090468458365), 'RAYDIUMUSDT': np.float64(350.93090468458365), 'HPOS10IUSDT': np.float64(350.93090468458365)}",1754.6545234229184,"[{'symbol': '1000NEIROCTOUSDT', 'annualized_rate': 59.54995857142857, 'funding_interval_min': 240}, {'symbol': '1000MUMUUSDT', 'annualized_rate': 58.231370000000005, 'funding_interval_min': 480}, {'symbol': 'GOATUSDT', 'annualized_rate': 57.54673428571429, 'funding_interval_min': 240}, {'symbol': 'RAYDIUMUSDT', 'annualized_rate': 51.944922857142856, 'funding_interval_min': 240}, {'symbol': 'HPOS10IUSDT', 'annualized_rate': 51.097184285714285, 'funding_interval_min': 480}]","['HPOS10IUSDT', '1000NEIROCTOUSDT', 'RAYDIUMUSDT']","['TAOUSDT', 'ORCAUSDT', 'GASUSDT']",1.8951995096610628
2024-11-03 00:00:00+00:00,"{'COWUSDT': np.float64(353.15883382529677), 'MOODENGUSDT': np.float64(353.15883382529677), 'GOATUSDT': np.float64(353.15883382529677), 'KMNOUSDT': np.float64(353.15883382529677), 'RAYDIUMUSDT': np.float64(353.15883382529677)}",1765.794169126484,"[{'symbol': 'COWUSDT', 'annualized_rate': 143.69904000000002, 'funding_interval_min': 120}, {'symbol': 'MOODENGUSDT', 'annualized_rate': 103.10207142857143, 'funding_interval_min': 240}, {'symbol': 'GOATUSDT', 'annualized_rate': 91.16417285714286, 'funding_interval_min': 240}, {'symbol': 'KMNOUSDT', 'annualized_rate': 89.63680428571428, 'funding_interval_min': 240}, {'symbol': 'RAYDIUMUSDT', 'annualized_rate': 69.22287571428572, 'funding_interval_min': 240}]","['COWUSDT', 'MOODENGUSDT', 'KMNOUSDT']","['1000MUMUUSDT', 'HPOS10IUSDT', '1000NEIROCTOUSDT']",1.9067686582223606
2024-11-10 00:00:00+00:00,"{'SPXUSDT': np.float64(355.13243044241733), 'FWOGUSDT': np.float64(355.13243044241733), 'HIPPOUSDT': np.float64(355.13243044241733), 'AEROUSDT': np.float64(355.13243044241733), 'GOATUSDT': np.float64(355.13243044241733)}",1775.6621522120868,"[{'symbol': 'SPXUSDT', 'annualized_rate': 466.0694385714286, 'funding_interval_min': 240}, {'symbol': 'FWOGUSDT', 'annualized_rate': 242.2298353846154, 'funding_interval_min': 480}, {'symbol': 'HIPPOUSDT', 'annualized_rate': 215.86309875, 'funding_interval_min': 240}, {'symbol': 'AEROUSDT', 'annualized_rate': 207.8851242857143, 'funding_interval_min': 240}, {'symbol': 'GOATUSDT', 'annualized_rate': 205.0030842857143, 'funding_interval_min': 240}]","['SPXUSDT', 'AEROUSDT', 'FWOGUSDT', 'HIPPOUSDT']","['COWUSDT', 'MOODENGUSDT', 'RAYDIUMUSDT', 'KMNOUSDT']",2.5539233193065556
2024-11-17 00:00:00+00:00,"{'BANUSDT': np.float64(363.4580177615697), 'CHILLGUYUSDT': np.float64(363.4580177615697), 'SPXUSDT': np.float64(363.4580177615697), 'HIPPOUSDT': np.float64(363.4580177615697), 'GOATUSDT': np.float64(363.4580177615697)}",1817.2900888078484,"[{'symbol': 'BANUSDT', 'annualized_rate': 258.2814825, 'funding_interval_min': 120}, {'symbol': 'CHILLGUYUSDT', 'annualized_rate': 257.2424057142857, 'funding_interval_min': 240}, {'symbol': 'SPXUSDT', 'annualized_rate': 235.06907285714286, 'funding_interval_min': 240}, {'symbol': 'HIPPOUSDT', 'annualized_rate': 186.4559742857143, 'funding_interval_min': 240}, {'symbol': 'GOATUSDT', 'annualized_rate': 173.26143285714286, 'funding_interval_min': 240}]","['CHILLGUYUSDT', 'BANUSDT']","['AEROUSDT', 'FWOGUSDT']",1.3171273071052827
2024-11-24 00:00:00+00:00,"{'HIPPOUSDT': np.float64(368.62089511023476), 'AEROUSDT': np.float64(368.62089511023476), 'AKTUSDT': np.float64(368.62089511023476), 'BANUSDT': np.float64(368.62089511023476), 'CHILLGUYUSDT': np.float64(368.62089511023476)}",1843.1044755511737,"[{'symbol': 'HIPPOUSDT', 'annualized_rate': 205.93039285714283, 'funding_interval_min': 240}, {'symbol': 'AEROUSDT', 'annualized_rate': 162.87436714285715, 'funding_interval_min': 240}, {'symbol': 'AKTUSDT', 'annualized_rate': 161.48173571428572, 'funding_interval_min': 240}, {'symbol': 'BANUSDT', 'annualized_rate': 159.12936285714284, 'funding_interval_min': 120}, {'symbol': 'CHILLGUYUSDT', 'annualized_rate': 148.71268, 'funding_interval_min': 240}]","['AEROUSDT', 'AKTUSDT']","['SPXUSDT', 'GOATUSDT']",1.3328814052753915
2024-12-01 00:00:00+00:00,"{'BANUSDT': np.float64(373.7132847628879), 'HIPPOUSDT': np.float64(373.7132847628879), 'RAYDIUMUSDT': np.float64(373.7132847628879), 'GASUSDT': np.float64(373.7132847628879), 'AKTUSDT': np.float64(373.7132847628879)}",1868.5664238144395,"[{'symbol': 'BANUSDT', 'annualized_rate': 304.0057885714285, 'funding_interval_min': 120}, {'symbol': 'HIPPOUSDT', 'annualized_rate': 262.15019571428576, 'funding_interval_min': 240}, {'symbol': 'RAYDIUMUSDT', 'annualized_rate': 260.5396071428571, 'funding_interval_min': 240}, {'symbol': 'GASUSDT', 'annualized_rate': 256.21727714285714, 'funding_interval_min': 120}, {'symbol': 'AKTUSDT', 'annualized_rate': 246.07267571428574, 'funding_interval_min': 240}]","['GASUSDT', 'RAYDIUMUSDT']","['AEROUSDT', 'CHILLGUYUSDT']",1.3511670261573259
2024-12-08 00:00:00+00:00,"{'BANUSDT': np.float64(380.9548347661749), 'HIPPOUSDT': np.float64(380.9548347661749), 'GASUSDT': np.float64(380.9548347661749), '1000NEIROCTOUSDT': np.float64(380.9548347661749), 'FIDAUSDT': np.float64(380.9548347661749)}",1904.7741738308744,"[{'symbol': 'BANUSDT', 'annualized_rate': 137.26794857142858, 'funding_interval_min': 120}, {'symbol': 'HIPPOUSDT', 'annualized_rate': 103.33661000000001, 'funding_interval_min': 240}, {'symbol': 'GASUSDT', 'annualized_rate': 101.02198857142858, 'funding_interval_min': 120}, {'symbol': '1000NEIROCTOUSDT', 'annualized_rate': 97.13703285714286, 'funding_interval_min': 240}, {'symbol': 'FIDAUSDT', 'annualized_rate': 88.20861142857142, 'funding_interval_min': 240}]","['1000NEIROCTOUSDT', 'FIDAUSDT']","['AKTUSDT', 'RAYDIUMUSDT']",1.379196076630155
2024-12-15 00:00:00+00:00,"{'AIXBTUSDT': np.float64(383.52030073486685), 'FARTCOINUSDT': np.float64(383.52030073486685), 'BANUSDT': np.float64(383.52030073486685), 'HIPPOUSDT': np.float64(383.52030073486685), '1000000BABYDOGEUSDT': np.float64(383.52030073486685)}",1917.6015036743343,"[{'symbol': 'AIXBTUSDT', 'annualized_rate': 121.71582000000001, 'funding_interval_min': 240}, {'symbol': 'FARTCOINUSDT', 'annualized_rate': 114.386985, 'funding_interval_min': 240}, {'symbol': 'BANUSDT', 'annualized_rate': 63.96864857142857, 'funding_interval_min': 120}, {'symbol': 'HIPPOUSDT', 'annualized_rate': 60.81306714285714, 'funding_interval_min': 240}, {'symbol': '1000000BABYDOGEUSDT', 'annualized_rate': 50.75721285714286, 'funding_interval_min': 240}]","['AIXBTUSDT', '1000000BABYDOGEUSDT', 'FARTCOINUSDT']","['1000NEIROCTOUSDT', 'GASUSDT', 'FIDAUSDT']",2.0705642123876067
2024-12-22 00:00:00+00:00,"{'10000QUBICUSDT': np.float64(384.4914983891578), 'HYPEUSDT': np.float64(384.4914983891578), 'AIXBTUSDT': np.float64(384.4914983891578), 'BANUSDT': np.float64(384.4914983891578), 'GASUSDT': np.float64(384.4914983891578)}",1922.4574919457891,"[{'symbol': '10000QUBICUSDT', 'annualized_rate': 65.30116730769231, 'funding_interval_min': 480}, {'symbol': 'HYPEUSDT', 'annualized_rate': 60.526177142857144, 'funding_interval_min': 480}, {'symbol': 'AIXBTUSDT', 'annualized_rate': 44.04152571428571, 'funding_interval_min': 240}, {'symbol': 'BANUSDT', 'annualized_rate': 43.8, 'funding_interval_min': 120}, {'symbol': 'GASUSDT', 'annualized_rate': 43.8, 'funding_interval_min': 120}]","['HYPEUSDT', '10000QUBICUSDT', 'GASUSDT']","['1000000BABYDOGEUSDT', 'FARTCOINUSDT', 'HIPPOUSDT']",2.0772495379967872
2024-12-29 00:00:00+00:00,"{'FARTCOINUSDT': np.float64(386.21083400451477), 'ARCUSDT': np.float64(386.21083400451477), 'AIXBTUSDT': np.float64(386.21083400451477), 'HYPEUSDT': np.float64(386.21083400451477), 'GRIFFAINUSDT': np.float64(386.21083400451477)}",1931.0541700225738,"[{'symbol': 'FARTCOINUSDT', 'annualized_rate': 94.82501857142857, 'funding_interval_min': 240}, {'symbol': 'ARCUSDT', 'annualized_rate': 93.68333333333334, 'funding_interval_min': 240}, {'symbol': 'AIXBTUSDT', 'annualized_rate': 74.30503142857143, 'funding_interval_min': 240}, {'symbol': 'HYPEUSDT', 'annualized_rate': 68.71922785714285, 'funding_interval_min': 480}, {'symbol': 'GRIFFAINUSDT', 'annualized_rate': 60.849045714285715, 'funding_interval_min': 240}]","['ARCUSDT', 'GRIFFAINUSDT', 'FARTCOINUSDT']","['BANUSDT', '10000QUBICUSDT', 'GASUSDT']",2.085868383115362
2025-01-05 00:00:00+00:00,"{'FARTCOINUSDT': np.float64(388.8097738750995), 'HIPPOUSDT': np.float64(388.8097738750995), '1000MUMUUSDT': np.float64(388.8097738750995), 'RAYDIUMUSDT': np.float64(388.8097738750995), 'AIXBTUSDT': np.float64(388.8097738750995)}",1944.0488693754974,"[{'symbol': 'FARTCOINUSDT', 'annualized_rate': 93.92419857142856, 'funding_interval_min': 240}, {'symbol': 'HIPPOUSDT', 'annualized_rate': 65.35053857142857, 'funding_interval_min': 240}, {'symbol': '1000MUMUUSDT', 'annualized_rate': 57.46857214285714, 'funding_interval_min': 480}, {'symbol': 'RAYDIUMUSDT', 'annualized_rate': 51.08029, 'funding_interval_min': 240}, {'symbol': 'AIXBTUSDT', 'annualized_rate': 51.01824, 'funding_interval_min': 240}]","['1000MUMUUSDT', 'RAYDIUMUSDT', 'HIPPOUSDT']","['HYPEUSDT', 'ARCUSDT', 'GRIFFAINUSDT']",2.0991229436913335
2025-01-12 00:00:00+00:00,"{'MAGICUSDT': np.float64(390.91339679959015), 'HYPEUSDT': np.float64(390.91339679959015), 'AI16ZUSDT': np.float64(390.91339679959015), 'GRIFFAINUSDT': np.float64(390.91339679959015), 'PIPPINUSDT': np.float64(390.91339679959015)}",1954.5669839979507,"[{'symbol': 'MAGICUSDT', 'annualized_rate': 42.959874285714285, 'funding_interval_min': 120}, {'symbol': 'HYPEUSDT', 'annualized_rate': 39.73963571428571, 'funding_interval_min': 480}, {'symbol': 'AI16ZUSDT', 'annualized_rate': 39.64332785714286, 'funding_interval_min': 240}, {'symbol': 'GRIFFAINUSDT', 'annualized_rate': 37.42678714285714, 'funding_interval_min': 240}, {'symbol': 'PIPPINUSDT', 'annualized_rate': 37.419982499999996, 'funding_interval_min': 240}]","['HYPEUSDT', 'MAGICUSDT', 'GRIFFAINUSDT', 'PIPPINUSDT', 'AI16ZUSDT']","['AIXBTUSDT', 'HIPPOUSDT', 'FARTCOINUSDT', 'RAYDIUMUSDT', '1000MUMUUSDT']",3.511914991528478
2025-01-19 00:00:00+00:00,"{'MELANIAUSDT': np.float64(392.17501423341616), 'ARCUSDT': np.float64(392.17501423341616), 'HYPEUSDT': np.float64(392.17501423341616), 'MAGICUSDT': np.float64(392.17501423341616), 'FARTCOINUSDT': np.float64(392.17501423341616)}",1960.8750711670807,"[{'symbol': 'MELANIAUSDT', 'annualized_rate': 58.430617058823536, 'funding_interval_min': 240}, {'symbol': 'ARCUSDT', 'annualized_rate': 57.09919214285715, 'funding_interval_min': 240}, {'symbol': 'HYPEUSDT', 'annualized_rate': 52.85147857142857, 'funding_interval_min': 480}, {'symbol': 'MAGICUSDT', 'annualized_rate': 42.09784857142857, 'funding_interval_min': 120}, {'symbol': 'FARTCOINUSDT', 'annualized_rate': 41.89204071428571, 'funding_interval_min': 240}]","['ARCUSDT', 'MELANIAUSDT', 'FARTCOINUSDT']","['GRIFFAINUSDT', 'PIPPINUSDT', 'AI16ZUSDT']",2.1185162858272486
2025-01-26 00:00:00+00:00,"{'RAYDIUMUSDT': np.float64(986.9033526333075), 'MAGICUSDT': np.float64(986.9033526333075)}",1973.806705266615,"[{'symbol': 'RAYDIUMUSDT', 'annualized_rate': 37.96062571428571, 'funding_interval_min': 240}, {'symbol': 'MAGICUSDT', 'annualized_rate': 37.11090571428571, 'funding_interval_min': 120}]",['RAYDIUMUSDT'],"['HYPEUSDT', 'ARCUSDT', 'MELANIAUSDT', 'FARTCOINUSDT']",2.8378526405466693
2025-02-02 00:00:00+00:00,{},1979.1550799507077,[],[],[],0.0
2025-02-09 00:00:00+00:00,{},1979.1550799507077,[],[],[],0.0
2025-02-16 00:00:00+00:00,"{'RAYDIUMUSDT': np.float64(395.4747680757504), 'SOLAYERUSDT': np.float64(395.4747680757504), 'NEIROETHUSDT': np.float64(395.4747680757504), 'ACTUSDT': np.float64(395.4747680757504), 'TAOUSDT': np.float64(395.4747680757504)}",1977.373840378752,"[{'symbol': 'RAYDIUMUSDT', 'annualized_rate': 91.59393428571428, 'funding_interval_min': 240}, {'symbol': 'SOLAYERUSDT', 'annualized_rate': 84.59484391304348, 'funding_interval_min': 60}, {'symbol': 'NEIROETHUSDT', 'annualized_rate': 50.46959285714285, 'funding_interval_min': 240}, {'symbol': 'ACTUSDT', 'annualized_rate': 34.03859642857143, 'funding_interval_min': 240}, {'symbol': 'TAOUSDT', 'annualized_rate': 31.33613642857143, 'funding_interval_min': 240}]","['TAOUSDT', 'SOLAYERUSDT', 'NEIROETHUSDT', 'RAYDIUMUSDT', 'ACTUSDT']",[],1.7812395719556369
2025-02-23 00:00:00+00:00,"{'MAGICUSDT': np.float64(398.0570754910299), 'FBUSDT': np.float64(398.0570754910299), '10000QUBICUSDT': np.float64(398.0570754910299), 'FARTCOINUSDT': np.float64(398.0570754910299), 'SOLAYERUSDT': np.float64(398.0570754910299)}",1990.2853774551493,"[{'symbol': 'MAGICUSDT', 'annualized_rate': 43.11275714285714, 'funding_interval_min': 120}, {'symbol': 'FBUSDT', 'annualized_rate': 42.43505642857143, 'funding_interval_min': 480}, {'symbol': '10000QUBICUSDT', 'annualized_rate': 42.32931071428571, 'funding_interval_min': 480}, {'symbol': 'FARTCOINUSDT', 'annualized_rate': 34.246229285714286, 'funding_interval_min': 240}, {'symbol': 'SOLAYERUSDT', 'annualized_rate': 33.78127142857143, 'funding_interval_min': 60}]","['MAGICUSDT', '10000QUBICUSDT', 'FBUSDT', 'FARTCOINUSDT']","['TAOUSDT', 'NEIROETHUSDT', 'ACTUSDT', 'RAYDIUMUSDT']",2.8616141662637977
2025-03-02 00:00:00+00:00,{'MAGICUSDT': np.float64(1998.6067537438419)},1998.6067537438419,"[{'symbol': 'MAGICUSDT', 'annualized_rate': 42.137685714285716, 'funding_interval_min': 120}]",[],"['10000QUBICUSDT', 'SOLAYERUSDT', 'FBUSDT', 'FARTCOINUSDT']",2.87608866199103
2025-03-09 00:00:00+00:00,{'MAGICUSDT': np.float64(2002.6409049617275)},2002.6409049617275,"[{'symbol': 'MAGICUSDT', 'annualized_rate': 36.735685714285715, 'funding_interval_min': 120}]",[],[],0.0036340067021290905
2025-03-16 00:00:00+00:00,{},2006.1681563876361,[],[],[],0.0
2025-03-23 00:00:00+00:00,{'MAGICUSDT': np.float64(2004.3626050468872)},2004.3626050468872,"[{'symbol': 'MAGICUSDT', 'annualized_rate': 33.11801428571429, 'funding_interval_min': 120}]",['MAGICUSDT'],[],1.8055513407488724
2025-03-30 00:00:00+00:00,{},2007.5452322093097,[],[],[],0.0
2025-04-06 00:00:00+00:00,{},2007.5452322093097,[],[],[],0.0
2025-04-13 00:00:00+00:00,"{'JELLYJELLYUSDT': np.float64(1002.8692207501607), 'MAGICUSDT': np.float64(1002.8692207501607)}",2005.7384415003214,"[{'symbol': 'JELLYJELLYUSDT', 'annualized_rate': 50.88157357142857, 'funding_interval_min': 240}, {'symbol': 'MAGICUSDT', 'annualized_rate': 30.65895714285714, 'funding_interval_min': 120}]","['JELLYJELLYUSDT', 'MAGICUSDT']",[],1.8067907089883786
2025-04-20 00:00:00+00:00,"{'BROCCOLIUSDT': np.float64(402.8208746756749), 'JELLYJELLYUSDT': np.float64(402.8208746756749), 'FARTCOINUSDT': np.float64(402.8208746756749), 'SOLAYERUSDT': np.float64(402.8208746756749), 'STOUSDT': np.float64(402.8208746756749)}",2014.1043733783745,"[{'symbol': 'BROCCOLIUSDT', 'annualized_rate': 43.39485, 'funding_interval_min': 240}, {'symbol': 'JELLYJELLYUSDT', 'annualized_rate': 40.293705714285714, 'funding_interval_min': 240}, {'symbol': 'FARTCOINUSDT', 'annualized_rate': 38.59661214285715, 'funding_interval_min': 240}, {'symbol': 'SOLAYERUSDT', 'annualized_rate': 38.551925714285716, 'funding_interval_min': 60}, {'symbol': 'STOUSDT', 'annualized_rate': 37.13353571428571, 'funding_interval_min': 240}]","['STOUSDT', 'SOLAYERUSDT', 'FARTCOINUSDT', 'BROCCOLIUSDT']",['MAGICUSDT'],2.89434390468314
2025-04-27 00:00:00+00:00,"{'JELLYJELLYUSDT': np.float64(405.2893099833386), 'MICHIUSDT': np.float64(405.2893099833386), 'MVLUSDT': np.float64(405.2893099833386), 'FARTCOINUSDT': np.float64(405.2893099833386), 'SOLAYERUSDT': np.float64(405.2893099833386)}",2026.4465499166931,"[{'symbol': 'JELLYJELLYUSDT', 'annualized_rate': 54.74249142857143, 'funding_interval_min': 240}, {'symbol': 'MICHIUSDT', 'annualized_rate': 48.30316142857142, 'funding_interval_min': 240}, {'symbol': 'MVLUSDT', 'annualized_rate': 40.94486571428571, 'funding_interval_min': 480}, {'symbol': 'FARTCOINUSDT', 'annualized_rate': 37.189015714285716, 'funding_interval_min': 240}, {'symbol': 'SOLAYERUSDT', 'annualized_rate': 33.397395714285715, 'funding_interval_min': 60}]","['MVLUSDT', 'MICHIUSDT']","['STOUSDT', 'BROCCOLIUSDT']",1.4625794292031993
2025-05-04 00:00:00+00:00,"{'FARTCOINUSDT': np.float64(407.77900996977735), '10000WHYUSDT': np.float64(407.77900996977735), '1000000PEIPEIUSDT': np.float64(407.77900996977735), '10000QUBICUSDT': np.float64(407.77900996977735), '1000MUMUUSDT': np.float64(407.77900996977735)}",2038.8950498488866,"[{'symbol': 'FARTCOINUSDT', 'annualized_rate': 46.052206428571424, 'funding_interval_min': 240}, {'symbol': '10000WHYUSDT', 'annualized_rate': 39.25548928571428, 'funding_interval_min': 240}, {'symbol': '1000000PEIPEIUSDT', 'annualized_rate': 37.45343214285714, 'funding_interval_min': 480}, {'symbol': '10000QUBICUSDT', 'annualized_rate': 37.36505, 'funding_interval_min': 480}, {'symbol': '1000MUMUUSDT', 'annualized_rate': 36.27432571428571, 'funding_interval_min': 480}]","['10000WHYUSDT', '1000MUMUUSDT', '10000QUBICUSDT', '1000000PEIPEIUSDT']","['MVLUSDT', 'JELLYJELLYUSDT', 'SOLAYERUSDT', 'MICHIUSDT']",2.931925414692235
2025-05-11 00:00:00+00:00,"{'FBUSDT': np.float64(410.4077125617999), '1000000PEIPEIUSDT': np.float64(410.4077125617999), 'FARTCOINUSDT': np.float64(410.4077125617999), 'LAUNCHCOINUSDT': np.float64(410.4077125617999), 'SKYAIUSDT': np.float64(410.4077125617999)}",2052.0385628089994,"[{'symbol': 'FBUSDT', 'annualized_rate': 55.31967375000001, 'funding_interval_min': 480}, {'symbol': '1000000PEIPEIUSDT', 'annualized_rate': 50.400249375, 'funding_interval_min': 480}, {'symbol': 'FARTCOINUSDT', 'annualized_rate': 50.18208387096774, 'funding_interval_min': 240}, {'symbol': 'LAUNCHCOINUSDT', 'annualized_rate': 47.299401, 'funding_interval_min': 240}, {'symbol': 'SKYAIUSDT', 'annualized_rate': 46.749519375, 'funding_interval_min': 240}]","['LAUNCHCOINUSDT', 'SKYAIUSDT', 'FBUSDT']","['10000WHYUSDT', '1000MUMUUSDT', '10000QUBICUSDT']",2.2158300625572003
